Filename,ParticipantID
TC001_39.png,39
TC002_39.png,39
TC003_37.png,37
TC004_37.png,37
TC005_37.png,37
TC006_33.png,33
TC007_33.png,33
TC008_33.png,33
TC009_33.png,33
TC010_52.png,52
TC016_54.png,54
TC017_54.png,54
TC018_54.png,54
TC019_54.png,54
TC020_54.png,54
TC021_52.png,52
TC022_52.png,52
TC023_52.png,52
TC024_52.png,52
TC025_52.png,52
TC026_37.png,37
TC027_37.png,37
TC028_30.png,30
TC029_30.png,30
TC030_30.png,30
TC031_36.png,36
TC032_36.png,36
TC033_36.png,36
TC034_31.png,31
TC035_31.png,31
TC036_31.png,31
TC037_31.png,31
TC038_39.png,39
TC039_39.png,39
TC040_39.png,39
TC041_39.png,39
TC042_40.png,40
TC043_40.png,40
TC044_40.png,40
TC045_40.png,40
TC046_37.png,37
TC047_37.png,37
TC048_37.png,37
TC049_37.png,37
TC050_35.png,35
TC051_35.png,35
TC052_35.png,35
TC053_35.png,35
TC054_30.png,30
TC055_30.png,30
TC056_30.png,30
TC057_34.png,34
TC058_34.png,34
TC059_34.png,34
TC060_34.png,34
TC061_50.png,50
TC062_50.png,50
TC063_50.png,50
TC064_50.png,50
TC065_50.png,50
TC066_43.png,43
TC067_43.png,43
TC068_43.png,43
TC069_43.png,43
TC070_48.png,48
TC071_48.png,48
TC072_48.png,48
TC073_48.png,48
TC074_52.png,52
TC075_52.png,52
TC076_52.png,52
TC077_52.png,52
TC078_52.png,52
TC079_49.png,49
TC080_49.png,49
TC081_49.png,49
TC082_49.png,49
TC083_51.png,51
TC084_51.png,51
TC085_51.png,51
TC086_51.png,51
TC087_47.png,47
TC088_47.png,47
TC089_47.png,47
TC090_47.png,47
TC096_54.png,54
TC097_54.png,54
TC098_54.png,54
TC099_54.png,54
TC100_54.png,54
TC101_36.png,36
TC102_36.png,36
TC103_36.png,36
TC104_36.png,36
TC105_39.png,39
TC106_39.png,39
TC107_39.png,39
TC108_39.png,39
TC109_37.png,37
TC110_37.png,37
TC111_37.png,37
TC112_37.png,37
TC113_33.png,33
TC114_33.png,33
TC115_33.png,33
TC116_35.png,35
TC117_35.png,35
TC118_35.png,35
TC119_35.png,35
TC120_30.png,30
TC121_30.png,30
TC122_30.png,30
TC123_30.png,30
TC124_34.png,34
TC125_34.png,34
TC126_34.png,34
TC127_34.png,34
TC128_55.png,55
TC129_55.png,55
TC130_47.png,47
TC131_47.png,47
TC132_47.png,47
TC133_47.png,47
TC134_36.png,36
TC135_36.png,36
TC136_36.png,36
TC137_40.png,40
TC138_40.png,40
TC139_40.png,40
TC140_40.png,40
TC141_37.png,37
TC142_37.png,37
TC143_37.png,37
TC144_37.png,37
TC145_35.png,35
TC146_35.png,35
TC147_35.png,35
TC148_30.png,30
TC149_30.png,30
TC150_30.png,30
TC151_30.png,30
TC152_34.png,34
TC153_34.png,34
TC154_34.png,34
TC155_34.png,34
TC156_36.png,36
TC157_36.png,36
TC158_36.png,36
TC159_36.png,36
TC160_39.png,39
TC161_39.png,39
TC162_39.png,39
TC163_39.png,39
TC164_37.png,37
TC165_37.png,37
TC166_37.png,37
TC167_37.png,37
TC168_33.png,33
TC169_33.png,33
TC170_33.png,33
TC171_33.png,33
TC172_35.png,35
TC173_35.png,35
TC174_35.png,35
TC175_35.png,35
TC176_30.png,30
TC177_30.png,30
TC178_30.png,30
TC179_30.png,30
TC180_34.png,34
TC181_34.png,34
TC182_34.png,34
TC183_34.png,34
TC184_50.png,50
TC185_50.png,50
TC186_50.png,50
TC187_50.png,50
TC188_43.png,43
TC189_43.png,43
TC190_43.png,43
TC191_48.png,48
TC192_48.png,48
TC193_48.png,48
TC194_48.png,48
TC195_52.png,52
TC196_52.png,52
TC197_52.png,52
TC198_52.png,52
TC199_49.png,49
TC200_49.png,49
TC201_49.png,49
TC202_49.png,49
TC203_51.png,51
TC204_51.png,51
TC205_51.png,51
TC206_51.png,51
TC207_47.png,47
TC208_47.png,47
TC209_47.png,47
TC210_47.png,47
TC216_54.png,54
TC217_54.png,54
TC218_54.png,54
TC219_54.png,54
TC220_54.png,54
TC221_50.png,50
TC222_50.png,50
TC223_50.png,50
TC224_50.png,50
TC225_52.png,52
TC226_52.png,52
TC227_52.png,52
TC228_52.png,52
TC229_57.png,57
TC230_57.png,57
TC231_57.png,57
TC232_57.png,57
TC233_57.png,57
TC234_59.png,59
TC235_59.png,59
TC236_59.png,59
TC237_59.png,59
TC243_57.png,57
TC244_53.png,53
TC245_53.png,53
TC246_53.png,53
TC247_53.png,53
TC248_53.png,53
TC249_57.png,57
TC250_57.png,57
TC251_57.png,57
TC252_57.png,57
TC253_57.png,57
TC254_59.png,59
TC255_59.png,59
TC256_59.png,59
TC257_59.png,59
TC263_32.png,32
TC264_32.png,32
TC265_32.png,32
TC266_32.png,32
TC267_33.png,33
TC268_33.png,33
TC269_33.png,33
TC270_57.png,57
TC271_57.png,57
TC272_57.png,57
TC273_56.png,56
TC274_56.png,56
TC275_56.png,56
TC276_53.png,53
TC277_53.png,53
TC278_32.png,32
TC279_32.png,32
TC280_32.png,32
TC281_32.png,32
TC282_32.png,32
TC283_32.png,32
TC284_32.png,32
TC285_32.png,32
TC286_40.png,40
TC287_40.png,40
TC288_40.png,40
TC289_40.png,40
TC290_40.png,40
TC291_40.png,40
TC292_40.png,40
TC293_46.png,46
TC294_46.png,46
TC295_46.png,46
TC296_46.png,46
TC297_46.png,46
TC298_40.png,40
TC299_33.png,33
TC300_33.png,33
TC301_33.png,33
TC302_33.png,33
TC303_57.png,57
TC304_57.png,57
TC305_45.png,45
TC305_57.png,57
TC306_45.png,45
TC307_45.png,45
TC308_44.png,44
TC309_44.png,44
TC310_44.png,44
TC311_45.png,45
TC312_45.png,45
TC313_45.png,45
TC314_45.png,45
TC315_44.png,44
TC316_44.png,44
TC317_44.png,44
TC318_44.png,44
TC319_33.png,33
TC320_44.png,44
TC321_44.png,44
TC322_44.png,44
TC323_38.png,38
TC324_38.png,38
TC325_38.png,38
TC326_38.png,38
TC327_38.png,38
TC328_38.png,38
TC329_38.png,38
TC330_58.png,58
TC331_58.png,58
TC332_58.png,58
TC333_58.png,58
TC334_58.png,58
TC335_58.png,58
TC336_58.png,58
TC337_58.png,58
TC338_58.png,58
TC339_58.png,58
TC340_58.png,58
TC341_58.png,58
TC342_58.png,58
TC343_58.png,58
TC344_58.png,58
TC345_58.png,58
TC346_58.png,58
TC347_58.png,58
TC348_58.png,58
TC349_58.png,58
TC350_58.png,58
TC351_58.png,58
TC352_58.png,58